[
  { "name": "Chicken Breast", "calories_per_100g": 165, "protein_g_per_100g": 31, "carbs_g_per_100g": 0, "fat_g_per_100g": 3.6, "fibre_g_per_100g": 0, "iron_mg_per_100g": 1, "calcium_mg_per_100g": 15, "magnesium_mg_per_100g": 29, "zinc_mg_per_100g": 1, "potassium_mg_per_100g": 256, "vitamin_c_mg_per_100g": 0, "vitamin_a_ug_per_100g": 6, "vitamin_b12_ug_per_100g": 0.3, "folate_ug_per_100g": 4, "iodine_ug_per_100g": 4, "selenium_ug_per_100g": 27, "vitamin_d_ug_per_100g": 0.1 },
  { "name": "Eggs", "calories_per_100g": 155, "protein_g_per_100g": 13, "carbs_g_per_100g": 1.1, "fat_g_per_100g": 11, "fibre_g_per_100g": 0, "iron_mg_per_100g": 1.8, "calcium_mg_per_100g": 50, "magnesium_mg_per_100g": 10, "zinc_mg_per_100g": 1.3, "potassium_mg_per_100g": 126, "vitamin_c_mg_per_100g": 0, "vitamin_a_ug_per_100g": 140, "vitamin_b12_ug_per_100g": 1.1, "folate_ug_per_100g": 44, "iodine_ug_per_100g": 50, "selenium_ug_per_100g": 31, "vitamin_d_ug_per_100g": 2 },
  { "name": "Salmon", "calories_per_100g": 208, "protein_g_per_100g": 20, "carbs_g_per_100g": 0, "fat_g_per_100g": 13, "fibre_g_per_100g": 0, "iron_mg_per_100g": 0.3, "calcium_mg_per_100g": 9, "magnesium_mg_per_100g": 27, "zinc_mg_per_100g": 0.4, "potassium_mg_per_100g": 363, "vitamin_c_mg_per_100g": 0, "vitamin_a_ug_per_100g": 12, "vitamin_b12_ug_per_100g": 3.2, "folate_ug_per_100g": 25, "iodine_ug_per_100g": 28, "selenium_ug_per_100g": 32, "vitamin_d_ug_per_100g": 11 },
  { "name": "Beef Mince (5% fat)", "calories_per_100g": 124, "protein_g_per_100g": 20, "carbs_g_per_100g": 0, "fat_g_per_100g": 5, "fibre_g_per_100g": 0, "iron_mg_per_100g": 2.6, "calcium_mg_per_100g": 18, "magnesium_mg_per_100g": 21, "zinc_mg_per_100g": 4.8, "potassium_mg_per_100g": 318, "vitamin_c_mg_per_100g": 0, "vitamin_a_ug_per_100g": 0, "vitamin_b12_ug_per_100g": 2, "folate_ug_per_100g": 6, "iodine_ug_per_100g": 2, "selenium_ug_per_100g": 14, "vitamin_d_ug_per_100g": 0.1 },
  { "name": "White Rice (Cooked)", "calories_per_100g": 130, "protein_g_per_100g": 2.7, "carbs_g_per_100g": 28, "fat_g_per_100g": 0.3, "fibre_g_per_100g": 0.4, "iron_mg_per_100g": 0.2, "calcium_mg_per_100g": 10, "magnesium_mg_per_100g": 12, "zinc_mg_per_100g": 0.5, "potassium_mg_per_100g": 35, "vitamin_c_mg_per_100g": 0, "vitamin_a_ug_per_100g": 0, "vitamin_b12_ug_per_100g": 0, "folate_ug_per_100g": 8, "iodine_ug_per_100g": null, "selenium_ug_per_100g": 7.5, "vitamin_d_ug_per_100g": 0 },
  { "name": "Brown Rice (Cooked)", "calories_per_100g": 111, "protein_g_per_100g": 2.6, "carbs_g_per_100g": 23, "fat_g_per_100g": 0.9, "fibre_g_per_100g": 1.8, "iron_mg_per_100g": 0.5, "calcium_mg_per_100g": 10, "magnesium_mg_per_100g": 43, "zinc_mg_per_100g": 0.6, "potassium_mg_per_100g": 77, "vitamin_c_mg_per_100g": 0, "vitamin_a_ug_per_100g": 0, "vitamin_b12_ug_per_100g": 0, "folate_ug_per_100g": 9, "iodine_ug_per_100g": null, "selenium_ug_per_100g": 6, "vitamin_d_ug_per_100g": 0 },
  { "name": "Oats (Raw)", "calories_per_100g": 389, "protein_g_per_100g": 16.9, "carbs_g_per_100g": 66, "fat_g_per_100g": 6.9, "fibre_g_per_100g": 10.6, "iron_mg_per_100g": 4.7, "calcium_mg_per_100g": 54, "magnesium_mg_per_100g": 177, "zinc_mg_per_100g": 4, "potassium_mg_per_100g": 429, "vitamin_c_mg_per_100g": 0, "vitamin_a_ug_per_100g": 0, "vitamin_b12_ug_per_100g": 0, "folate_ug_per_100g": 56, "iodine_ug_per_100g": null, "selenium_ug_per_100g": 29, "vitamin_d_ug_per_100g": 0 },
  { "name": "Pasta (Cooked)", "calories_per_100g": 131, "protein_g_per_100g": 5, "carbs_g_per_100g": 25, "fat_g_per_100g": 1.1, "fibre_g_per_100g": 1.2, "iron_mg_per_100g": 1.3, "calcium_mg_per_100g": 7, "magnesium_mg_per_100g": 18, "zinc_mg_per_100g": 0.5, "potassium_mg_per_100g": 24, "vitamin_c_mg_per_100g": 0, "vitamin_a_ug_per_100g": 0, "vitamin_b12_ug_per_100g": 0, "folate_ug_per_100g": 7, "iodine_ug_per_100g": null, "selenium_ug_per_100g": 26, "vitamin_d_ug_per_100g": 0 },
  { "name": "Potatoes (Boiled)", "calories_per_100g": 87, "protein_g_per_100g": 1.9, "carbs_g_per_100g": 20, "fat_g_per_100g": 0.1, "fibre_g_per_100g": 1.8, "iron_mg_per_100g": 0.3, "calcium_mg_per_100g": 5, "magnesium_mg_per_100g": 20, "zinc_mg_per_100g": 0.3, "potassium_mg_per_100g": 379, "vitamin_c_mg_per_100g": 8, "vitamin_a_ug_per_100g": 0, "vitamin_b12_ug_per_100g": 0, "folate_ug_per_100g": 15, "iodine_ug_per_100g": null, "selenium_ug_per_100g": 0.3, "vitamin_d_ug_per_100g": 0 },
  { "name": "Sweet Potato (Boiled)", "calories_per_100g": 86, "protein_g_per_100g": 1.6, "carbs_g_per_100g": 20, "fat_g_per_100g": 0.1, "fibre_g_per_100g": 3, "iron_mg_per_100g": 0.7, "calcium_mg_per_100g": 30, "magnesium_mg_per_100g": 25, "zinc_mg_per_100g": 0.3, "potassium_mg_per_100g": 337, "vitamin_c_mg_per_100g": 2.4, "vitamin_a_ug_per_100g": 709, "vitamin_b12_ug_per_100g": 0, "folate_ug_per_100g": 11, "iodine_ug_per_100g": null, "selenium_ug_per_100g": 0.6, "vitamin_d_ug_per_100g": 0 },
  { "name": "Olive Oil", "calories_per_100g": 884, "protein_g_per_100g": 0, "carbs_g_per_100g": 0, "fat_g_per_100g": 100, "fibre_g_per_100g": 0, "iron_mg_per_100g": 0.6, "calcium_mg_per_100g": 1, "magnesium_mg_per_100g": null, "zinc_mg_per_100g": null, "potassium_mg_per_100g": 1, "vitamin_c_mg_per_100g": 0, "vitamin_a_ug_per_100g": 0, "vitamin_b12_ug_per_100g": 0, "folate_ug_per_100g": 0, "iodine_ug_per_100g": null, "selenium_ug_per_100g": null, "vitamin_d_ug_per_100g": 0 },
  { "name": "Butter", "calories_per_100g": 717, "protein_g_per_100g": 0.9, "carbs_g_per_100g": 0.1, "fat_g_per_100g": 81, "fibre_g_per_100g": 0, "iron_mg_per_100g": 0, "calcium_mg_per_100g": 24, "magnesium_mg_per_100g": 2, "zinc_mg_per_100g": 0.1, "potassium_mg_per_100g": 24, "vitamin_c_mg_per_100g": 0, "vitamin_a_ug_per_100g": 684, "vitamin_b12_ug_per_100g": 0.2, "folate_ug_per_100g": 3, "iodine_ug_per_100g": 4, "selenium_ug_per_100g": 1, "vitamin_d_ug_per_100g": 1.5 },
  { "name": "Milk (Whole)", "calories_per_100g": 42, "protein_g_per_100g": 3.4, "carbs_g_per_100g": 5, "fat_g_per_100g": 1, "fibre_g_per_100g": 0, "iron_mg_per_100g": 0, "calcium_mg_per_100g": 113, "magnesium_mg_per_100g": 10, "zinc_mg_per_100g": 0.4, "potassium_mg_per_100g": 143, "vitamin_c_mg_per_100g": 0, "vitamin_a_ug_per_100g": 46, "vitamin_b12_ug_per_100g": 0.4, "folate_ug_per_100g": 5, "iodine_ug_per_100g": 30, "selenium_ug_per_100g": 3.7, "vitamin_d_ug_per_100g": 1 },
  { "name": "Greek Yogurt (Plain)", "calories_per_100g": 59, "protein_g_per_100g": 10, "carbs_g_per_100g": 3.6, "fat_g_per_100g": 0.4, "fibre_g_per_100g": 0, "iron_mg_per_100g": 0, "calcium_mg_per_100g": 110, "magnesium_mg_per_100g": 11, "zinc_mg_per_100g": 0.6, "potassium_mg_per_100g": 141, "vitamin_c_mg_per_100g": 0, "vitamin_a_ug_per_100g": 2, "vitamin_b12_ug_per_100g": 0.75, "folate_ug_per_100g": 7, "iodine_ug_per_100g": 15, "selenium_ug_per_100g": 9, "vitamin_d_ug_per_100g": 0 },
  { "name": "Banana", "calories_per_100g": 89, "protein_g_per_100g": 1.1, "carbs_g_per_100g": 23, "fat_g_per_100g": 0.3, "fibre_g_per_100g": 2.6, "iron_mg_per_100g": 0.3, "calcium_mg_per_100g": 5, "magnesium_mg_per_100g": 27, "zinc_mg_per_100g": 0.15, "potassium_mg_per_100g": 358, "vitamin_c_mg_per_100g": 8.7, "vitamin_a_ug_per_100g": 3, "vitamin_b12_ug_per_100g": 0, "folate_ug_per_100g": 20, "iodine_ug_per_100g": null, "selenium_ug_per_100g": 1, "vitamin_d_ug_per_100g": 0 },
  { "name": "Apple", "calories_per_100g": 52, "protein_g_per_100g": 0.3, "carbs_g_per_100g": 14, "fat_g_per_100g": 0.2, "fibre_g_per_100g": 2.4, "iron_mg_per_100g": 0.1, "calcium_mg_per_100g": 6, "magnesium_mg_per_100g": 5, "zinc_mg_per_100g": 0.04, "potassium_mg_per_100g": 107, "vitamin_c_mg_per_100g": 4.6, "vitamin_a_ug_per_100g": 3, "vitamin_b12_ug_per_100g": 0, "folate_ug_per_100g": 3, "iodine_ug_per_100g": null, "selenium_ug_per_100g": null, "vitamin_d_ug_per_100g": 0 },
  { "name": "Blueberries", "calories_per_100g": 57, "protein_g_per_100g": 0.7, "carbs_g_per_100g": 14, "fat_g_per_100g": 0.3, "fibre_g_per_100g": 2.4, "iron_mg_per_100g": 0.3, "calcium_mg_per_100g": 6, "magnesium_mg_per_100g": 6, "zinc_mg_per_100g": 0.16, "potassium_mg_per_100g": 77, "vitamin_c_mg_per_100g": 9.7, "vitamin_a_ug_per_100g": 3, "vitamin_b12_ug_per_100g": 0, "folate_ug_per_100g": 6, "iodine_ug_per_100g": null, "selenium_ug_per_100g": 0.1, "vitamin_d_ug_per_100g": 0 },
  { "name": "Strawberries", "calories_per_100g": 32, "protein_g_per_100g": 0.7, "carbs_g_per_100g": 7.7, "fat_g_per_100g": 0.3, "fibre_g_per_100g": 2, "iron_mg_per_100g": 0.4, "calcium_mg_per_100g": 16, "magnesium_mg_per_100g": 13, "zinc_mg_per_100g": 0.14, "potassium_mg_per_100g": 153, "vitamin_c_mg_per_100g": 58.8, "vitamin_a_ug_per_100g": 1, "vitamin_b12_ug_per_100g": 0, "folate_ug_per_100g": 24, "iodine_ug_per_100g": null, "selenium_ug_per_100g": 0.4, "vitamin_d_ug_per_100g": 0 },
  { "name": "Broccoli", "calories_per_100g": 34, "protein_g_per_100g": 2.8, "carbs_g_per_100g": 7, "fat_g_per_100g": 0.4, "fibre_g_per_100g": 2.6, "iron_mg_per_100g": 0.7, "calcium_mg_per_100g": 47, "magnesium_mg_per_100g": 21, "zinc_mg_per_100g": 0.4, "potassium_mg_per_100g": 316, "vitamin_c_mg_per_100g": 89, "vitamin_a_ug_per_100g": 31, "vitamin_b12_ug_per_100g": 0, "folate_ug_per_100g": 63, "iodine_ug_per_100g": null, "selenium_ug_per_100g": 2.5, "vitamin_d_ug_per_100g": 0 },
  { "name": "Spinach", "calories_per_100g": 23, "protein_g_per_100g": 2.9, "carbs_g_per_100g": 3.6, "fat_g_per_100g": 0.4, "fibre_g_per_100g": 2.2, "iron_mg_per_100g": 2.7, "calcium_mg_per_100g": 99, "magnesium_mg_per_100g": 79, "zinc_mg_per_100g": 0.5, "potassium_mg_per_100g": 558, "vitamin_c_mg_per_100g": 28, "vitamin_a_ug_per_100g": 469, "vitamin_b12_ug_per_100g": 0, "folate_ug_per_100g": 194, "iodine_ug_per_100g": null, "selenium_ug_per_100g": 1, "vitamin_d_ug_per_100g": 0 },
  { "name": "Carrots", "calories_per_100g": 41, "protein_g_per_100g": 0.9, "carbs_g_per_100g": 10, "fat_g_per_100g": 0.2, "fibre_g_per_100g": 2.8, "iron_mg_per_100g": 0.3, "calcium_mg_per_100g": 33, "magnesium_mg_per_100g": 12, "zinc_mg_per_100g": 0.24, "potassium_mg_per_100g": 320, "vitamin_c_mg_per_100g": 5.9, "vitamin_a_ug_per_100g": 835, "vitamin_b12_ug_per_100g": 0, "folate_ug_per_100g": 19, "iodine_ug_per_100g": null, "selenium_ug_per_100g": 0.1, "vitamin_d_ug_per_100g": 0 },
  { "name": "Black Beans (Cooked)", "calories_per_100g": 132, "protein_g_per_100g": 8.9, "carbs_g_per_100g": 24, "fat_g_per_100g": 0.5, "fibre_g_per_100g": 8.7, "iron_mg_per_100g": 2.1, "calcium_mg_per_100g": 27, "magnesium_mg_per_100g": 70, "zinc_mg_per_100g": 1.1, "potassium_mg_per_100g": 355, "vitamin_c_mg_per_100g": 0, "vitamin_a_ug_per_100g": 0, "vitamin_b12_ug_per_100g": 0, "folate_ug_per_100g": 149, "iodine_ug_per_100g": null, "selenium_ug_per_100g": 1.2, "vitamin_d_ug_per_100g": 0 },
  { "name": "Lentils (Cooked)", "calories_per_100g": 116, "protein_g_per_100g": 9, "carbs_g_per_100g": 20, "fat_g_per_100g": 0.4, "fibre_g_per_100g": 7.9, "iron_mg_per_100g": 3.3, "calcium_mg_per_100g": 19, "magnesium_mg_per_100g": 36, "zinc_mg_per_100g": 1.3, "potassium_mg_per_100g": 369, "vitamin_c_mg_per_100g": 1.5, "vitamin_a_ug_per_100g": 0, "vitamin_b12_ug_per_100g": 0, "folate_ug_per_100g": 181, "iodine_ug_per_100g": null, "selenium_ug_per_100g": 2.8, "vitamin_d_ug_per_100g": 0 },
  { "name": "Chickpeas (Cooked)", "calories_per_100g": 164, "protein_g_per_100g": 8.9, "carbs_g_per_100g": 27, "fat_g_per_100g": 2.6, "fibre_g_per_100g": 7.6, "iron_mg_per_100g": 2.9, "calcium_mg_per_100g": 49, "magnesium_mg_per_100g": 48, "zinc_mg_per_100g": 1.5, "potassium_mg_per_100g": 291, "vitamin_c_mg_per_100g": 1.3, "vitamin_a_ug_per_100g": 3, "vitamin_b12_ug_per_100g": 0, "folate_ug_per_100g": 172, "iodine_ug_per_100g": null, "selenium_ug_per_100g": 3.7, "vitamin_d_ug_per_100g": 0 },
  { "name": "Almonds", "calories_per_100g": 579, "protein_g_per_100g": 21, "carbs_g_per_100g": 22, "fat_g_per_100g": 50, "fibre_g_per_100g": 12.5, "iron_mg_per_100g": 3.7, "calcium_mg_per_100g": 269, "magnesium_mg_per_100g": 270, "zinc_mg_per_100g": 3.1, "potassium_mg_per_100g": 733, "vitamin_c_mg_per_100g": 0, "vitamin_a_ug_per_100g": 1, "vitamin_b12_ug_per_100g": 0, "folate_ug_per_100g": 44, "iodine_ug_per_100g": null, "selenium_ug_per_100g": 4.1, "vitamin_d_ug_per_100g": 0 },
  { "name": "Peanut Butter", "calories_per_100g": 588, "protein_g_per_100g": 25, "carbs_g_per_100g": 20, "fat_g_per_100g": 50, "fibre_g_per_100g": 6, "iron_mg_per_100g": 1.9, "calcium_mg_per_100g": 43, "magnesium_mg_per_100g": 154, "zinc_mg_per_100g": 2.9, "potassium_mg_per_100g": 649, "vitamin_c_mg_per_100g": 0, "vitamin_a_ug_per_100g": 0, "vitamin_b12_ug_per_100g": 0, "folate_ug_per_100g": 74, "iodine_ug_per_100g": null, "selenium_ug_per_100g": 5.6, "vitamin_d_ug_per_100g": 0 },
  { "name": "Avocado", "calories_per_100g": 160, "protein_g_per_100g": 2, "carbs_g_per_100g": 8.5, "fat_g_per_100g": 15, "fibre_g_per_100g": 6.7, "iron_mg_per_100g": 0.6, "calcium_mg_per_100g": 12, "magnesium_mg_per_100g": 29, "zinc_mg_per_100g": 0.64, "potassium_mg_per_100g": 485, "vitamin_c_mg_per_100g": 10, "vitamin_a_ug_per_100g": 7, "vitamin_b12_ug_per_100g": 0, "folate_ug_per_100g": 81, "iodine_ug_per_100g": null, "selenium_ug_per_100g": 0.4, "vitamin_d_ug_per_100g": 0 },
  { "name": "Tuna (Canned in Water)", "calories_per_100g": 116, "protein_g_per_100g": 26, "carbs_g_per_100g": 0, "fat_g_per_100g": 0.8, "fibre_g_per_100g": 0, "iron_mg_per_100g": 0.7, "calcium_mg_per_100g": 11, "magnesium_mg_per_100g": 27, "zinc_mg_per_100g": 0.5, "potassium_mg_per_100g": 237, "vitamin_c_mg_per_100g": 0, "vitamin_a_ug_per_100g": 2, "vitamin_b12_ug_per_100g": 2, "folate_ug_per_100g": 2, "iodine_ug_per_100g": 15, "selenium_ug_per_100g": 65, "vitamin_d_ug_per_100g": 2 },
  { "name": "Cottage Cheese", "calories_per_100g": 98, "protein_g_per_100g": 11, "carbs_g_per_100g": 3.4, "fat_g_per_100g": 4.3, "fibre_g_per_100g": 0, "iron_mg_per_100g": 0, "calcium_mg_per_100g": 83, "magnesium_mg_per_100g": 8, "zinc_mg_per_100g": 0.4, "potassium_mg_per_100g": 104, "vitamin_c_mg_per_100g": 0, "vitamin_a_ug_per_100g": 37, "vitamin_b12_ug_per_100g": 0.4, "folate_ug_per_100g": 12, "iodine_ug_per_100g": 12, "selenium_ug_per_100g": 9.7, "vitamin_d_ug_per_100g": 0.1 },
  { "name": "Quinoa (Cooked)", "calories_per_100g": 120, "protein_g_per_100g": 4.4, "carbs_g_per_100g": 21, "fat_g_per_100g": 1.9, "fibre_g_per_100g": 2.8, "iron_mg_per_100g": 1.5, "calcium_mg_per_100g": 17, "magnesium_mg_per_100g": 64, "zinc_mg_per_100g": 1.1, "potassium_mg_per_100g": 172, "vitamin_c_mg_per_100g": 0, "vitamin_a_ug_per_100g": 0, "vitamin_b12_ug_per_100g": 0, "folate_ug_per_100g": 42, "iodine_ug_per_100g": null, "selenium_ug_per_100g": 2.8, "vitamin_d_ug_per_100g": 0 },
  { "name": "Walnuts", "calories_per_100g": 654, "protein_g_per_100g": 15, "carbs_g_per_100g": 14, "fat_g_per_100g": 65, "fibre_g_per_100g": 6.7, "iron_mg_per_100g": 2.9, "calcium_mg_per_100g": 98, "magnesium_mg_per_100g": 158, "zinc_mg_per_100g": 3.1, "potassium_mg_per_100g": 441, "vitamin_c_mg_per_100g": 1.3, "vitamin_a_ug_per_100g": 1, "vitamin_b12_ug_per_100g": 0, "folate_ug_per_100g": 98, "iodine_ug_per_100g": null, "selenium_ug_per_100g": 4.9, "vitamin_d_ug_per_100g": 0 },
  { "name": "Turkey Breast", "calories_per_100g": 135, "protein_g_per_100g": 30, "carbs_g_per_100g": 0, "fat_g_per_100g": 0.7, "fibre_g_per_100g": 0, "iron_mg_per_100g": 1.1, "calcium_mg_per_100g": 14, "magnesium_mg_per_100g": 27, "zinc_mg_per_100g": 1.9, "potassium_mg_per_100g": 333, "vitamin_c_mg_per_100g": 0, "vitamin_a_ug_per_100g": 0, "vitamin_b12_ug_per_100g": 1, "folate_ug_per_100g": 9, "iodine_ug_per_100g": 4, "selenium_ug_per_100g": 31, "vitamin_d_ug_per_100g": 0.1 },
  { "name": "Cucumber", "calories_per_100g": 15, "protein_g_per_100g": 0.7, "carbs_g_per_100g": 3.6, "fat_g_per_100g": 0.1, "fibre_g_per_100g": 0.5, "iron_mg_per_100g": 0.3, "calcium_mg_per_100g": 16, "magnesium_mg_per_100g": 13, "zinc_mg_per_100g": 0.2, "potassium_mg_per_100g": 147, "vitamin_c_mg_per_100g": 2.8, "vitamin_a_ug_per_100g": 5, "vitamin_b12_ug_per_100g": 0, "folate_ug_per_100g": 7, "iodine_ug_per_100g": null, "selenium_ug_per_100g": 0.3, "vitamin_d_ug_per_100g": 0 },
  { "name": "Tomato", "calories_per_100g": 18, "protein_g_per_100g": 0.9, "carbs_g_per_100g": 3.9, "fat_g_per_100g": 0.2, "fibre_g_per_100g": 1.2, "iron_mg_per_100g": 0.3, "calcium_mg_per_100g": 10, "magnesium_mg_per_100g": 11, "zinc_mg_per_100g": 0.17, "potassium_mg_per_100g": 237, "vitamin_c_mg_per_100g": 13.7, "vitamin_a_ug_per_100g": 42, "vitamin_b12_ug_per_100g": 0, "folate_ug_per_100g": 15, "iodine_ug_per_100g": null, "selenium_ug_per_100g": 0, "vitamin_d_ug_per_100g": 0 },
  { "name": "Bell Pepper", "calories_per_100g": 31, "protein_g_per_100g": 1, "carbs_g_per_100g": 6, "fat_g_per_100g": 0.3, "fibre_g_per_100g": 2.1, "iron_mg_per_100g": 0.4, "calcium_mg_per_100g": 7, "magnesium_mg_per_100g": 12, "zinc_mg_per_100g": 0.25, "potassium_mg_per_100g": 211, "vitamin_c_mg_per_100g": 127, "vitamin_a_ug_per_100g": 157, "vitamin_b12_ug_per_100g": 0, "folate_ug_per_100g": 46, "iodine_ug_per_100g": null, "selenium_ug_per_100g": 0.1, "vitamin_d_ug_per_100g": 0 },
  { "name": "Onion", "calories_per_100g": 40, "protein_g_per_100g": 1.1, "carbs_g_per_100g": 9.3, "fat_g_per_100g": 0.1, "fibre_g_per_100g": 1.7, "iron_mg_per_100g": 0.2, "calcium_mg_per_100g": 23, "magnesium_mg_per_100g": 10, "zinc_mg_per_100g": 0.17, "potassium_mg_per_100g": 146, "vitamin_c_mg_per_100g": 7.4, "vitamin_a_ug_per_100g": 0, "vitamin_b12_ug_per_100g": 0, "folate_ug_per_100g": 19, "iodine_ug_per_100g": null, "selenium_ug_per_100g": 0.5, "vitamin_d_ug_per_100g": 0 },
  { "name": "Garlic", "calories_per_100g": 149, "protein_g_per_100g": 6.4, "carbs_g_per_100g": 33, "fat_g_per_100g": 0.5, "fibre_g_per_100g": 2.1, "iron_mg_per_100g": 1.7, "calcium_mg_per_100g": 181, "magnesium_mg_per_100g": 25, "zinc_mg_per_100g": 1.16, "potassium_mg_per_100g": 401, "vitamin_c_mg_per_100g": 31, "vitamin_a_ug_per_100g": 0, "vitamin_b12_ug_per_100g": 0, "folate_ug_per_100g": 3, "iodine_ug_per_100g": null, "selenium_ug_per_100g": 14.2, "vitamin_d_ug_per_100g": 0 },
  { "name": "Mushrooms", "calories_per_100g": 22, "protein_g_per_100g": 3.1, "carbs_g_per_100g": 3.3, "fat_g_per_100g": 0.3, "fibre_g_per_100g": 1, "iron_mg_per_100g": 0.5, "calcium_mg_per_100g": 3, "magnesium_mg_per_100g": 9, "zinc_mg_per_100g": 0.52, "potassium_mg_per_100g": 318, "vitamin_c_mg_per_100g": 2.1, "vitamin_a_ug_per_100g": 0, "vitamin_b12_ug_per_100g": 0.04, "folate_ug_per_100g": 17, "iodine_ug_per_100g": null, "selenium_ug_per_100g": 9.3, "vitamin_d_ug_per_100g": 0.2 },
  { "name": "Tofu (Firm)", "calories_per_100g": 83, "protein_g_per_100g": 10, "carbs_g_per_100g": 1.2, "fat_g_per_100g": 5, "fibre_g_per_100g": 1.1, "iron_mg_per_100g": 1.6, "calcium_mg_per_100g": 350, "magnesium_mg_per_100g": 37, "zinc_mg_per_100g": 0.8, "potassium_mg_per_100g": 121, "vitamin_c_mg_per_100g": 0, "vitamin_a_ug_per_100g": 2, "vitamin_b12_ug_per_100g": 0, "folate_ug_per_100g": 15, "iodine_ug_per_100g": null, "selenium_ug_per_100g": 8.9, "vitamin_d_ug_per_100g": 0 },
  { "name": "Soy Milk", "calories_per_100g": 54, "protein_g_per_100g": 3.3, "carbs_g_per_100g": 6, "fat_g_per_100g": 1.8, "fibre_g_per_100g": 0.6, "iron_mg_per_100g": 0.6, "calcium_mg_per_100g": 120, "magnesium_mg_per_100g": 25, "zinc_mg_per_100g": 0.2, "potassium_mg_per_100g": 118, "vitamin_c_mg_per_100g": 0, "vitamin_a_ug_per_100g": 51, "vitamin_b12_ug_per_100g": 0.4, "folate_ug_per_100g": 2, "iodine_ug_per_100g": null, "selenium_ug_per_100g": 2.3, "vitamin_d_ug_per_100g": 1 },
  { "name": "Peas (Green)", "calories_per_100g": 81, "protein_g_per_100g": 5.4, "carbs_g_per_100g": 14, "fat_g_per_100g": 0.4, "fibre_g_per_100g": 5.1, "iron_mg_per_100g": 1.5, "calcium_mg_per_100g": 25, "magnesium_mg_per_100g": 33, "zinc_mg_per_100g": 1.2, "potassium_mg_per_100g": 244, "vitamin_c_mg_per_100g": 40, "vitamin_a_ug_per_100g": 38, "vitamin_b12_ug_per_100g": 0, "folate_ug_per_100g": 65, "iodine_ug_per_100g": null, "selenium_ug_per_100g": 1.8, "vitamin_d_ug_per_100g": 0 },
  { "name": "Corn", "calories_per_100g": 86, "protein_g_per_100g": 3.2, "carbs_g_per_100g": 19, "fat_g_per_100g": 1.2, "fibre_g_per_100g": 2.7, "iron_mg_per_100g": 0.5, "calcium_mg_per_100g": 2, "magnesium_mg_per_100g": 37, "zinc_mg_per_100g": 0.5, "potassium_mg_per_100g": 270, "vitamin_c_mg_per_100g": 6.8, "vitamin_a_ug_per_100g": 9, "vitamin_b12_ug_per_100g": 0, "folate_ug_per_100g": 42, "iodine_ug_per_100g": null, "selenium_ug_per_100g": 0.6, "vitamin_d_ug_per_100g": 0 },
  { "name": "Whole Wheat Bread", "calories_per_100g": 247, "protein_g_per_100g": 13, "carbs_g_per_100g": 41, "fat_g_per_100g": 3.4, "fibre_g_per_100g": 7, "iron_mg_per_100g": 2.5, "calcium_mg_per_100g": 107, "magnesium_mg_per_100g": 82, "zinc_mg_per_100g": 1.8, "potassium_mg_per_100g": 248, "vitamin_c_mg_per_100g": 0, "vitamin_a_ug_per_100g": 1, "vitamin_b12_ug_per_100g": 0, "folate_ug_per_100g": 50, "iodine_ug_per_100g": null, "selenium_ug_per_100g": 25, "vitamin_d_ug_per_100g": 0 },
  { "name": "Honey", "calories_per_100g": 304, "protein_g_per_100g": 0.3, "carbs_g_per_100g": 82, "fat_g_per_100g": 0, "fibre_g_per_100g": 0, "iron_mg_per_100g": 0.4, "calcium_mg_per_100g": 6, "magnesium_mg_per_100g": 2, "zinc_mg_per_100g": 0.2, "potassium_mg_per_100g": 52, "vitamin_c_mg_per_100g": 0.5, "vitamin_a_ug_per_100g": 0, "vitamin_b12_ug_per_100g": 0, "folate_ug_per_100g": 2, "iodine_ug_per_100g": null, "selenium_ug_per_100g": 0.8, "vitamin_d_ug_per_100g": 0 },
  { "name": "Maple Syrup", "calories_per_100g": 260, "protein_g_per_100g": 0, "carbs_g_per_100g": 67, "fat_g_per_100g": 0.1, "fibre_g_per_100g": 0, "iron_mg_per_100g": 0.1, "calcium_mg_per_100g": 102, "magnesium_mg_per_100g": 21, "zinc_mg_per_100g": 1.5, "potassium_mg_per_100g": 212, "vitamin_c_mg_per_100g": 0, "vitamin_a_ug_per_100g": 0, "vitamin_b12_ug_per_100g": 0, "folate_ug_per_100g": 0, "iodine_ug_per_100g": null, "selenium_ug_per_100g": 0.1, "vitamin_d_ug_per_100g": 0 },
  { "name": "Chia Seeds", "calories_per_100g": 486, "protein_g_per_100g": 17, "carbs_g_per_100g": 42, "fat_g_per_100g": 31, "fibre_g_per_100g": 34.4, "iron_mg_per_100g": 7.7, "calcium_mg_per_100g": 631, "magnesium_mg_per_100g": 335, "zinc_mg_per_100g": 4.6, "potassium_mg_per_100g": 407, "vitamin_c_mg_per_100g": 1.6, "vitamin_a_ug_per_100g": 8, "vitamin_b12_ug_per_100g": 0, "folate_ug_per_100g": 49, "iodine_ug_per_100g": null, "selenium_ug_per_100g": 55, "vitamin_d_ug_per_100g": 0 },
  { "name": "Flax Seeds", "calories_per_100g": 534, "protein_g_per_100g": 18, "carbs_g_per_100g": 29, "fat_g_per_100g": 42, "fibre_g_per_100g": 27.3, "iron_mg_per_100g": 5.7, "calcium_mg_per_100g": 255, "magnesium_mg_per_100g": 392, "zinc_mg_per_100g": 4.3, "potassium_mg_per_100g": 813, "vitamin_c_mg_per_100g": 0.6, "vitamin_a_ug_per_100g": 0, "vitamin_b12_ug_per_100g": 0, "folate_ug_per_100g": 87, "iodine_ug_per_100g": null, "selenium_ug_per_100g": 25, "vitamin_d_ug_per_100g": 0 },
  { "name": "Pumpkin Seeds", "calories_per_100g": 559, "protein_g_per_100g": 30, "carbs_g_per_100g": 11, "fat_g_per_100g": 49, "fibre_g_per_100g": 6, "iron_mg_per_100g": 8.8, "calcium_mg_per_100g": 46, "magnesium_mg_per_100g": 592, "zinc_mg_per_100g": 7.8, "potassium_mg_per_100g": 809, "vitamin_c_mg_per_100g": 1.9, "vitamin_a_ug_per_100g": 1, "vitamin_b12_ug_per_100g": 0, "folate_ug_per_100g": 58, "iodine_ug_per_100g": null, "selenium_ug_per_100g": 9.4, "vitamin_d_ug_per_100g": 0 },
  { "name": "Sunflower Seeds", "calories_per_100g": 584, "protein_g_per_100g": 21, "carbs_g_per_100g": 20, "fat_g_per_100g": 51, "fibre_g_per_100g": 8.6, "iron_mg_per_100g": 5.3, "calcium_mg_per_100g": 78, "magnesium_mg_per_100g": 325, "zinc_mg_per_100g": 5, "potassium_mg_per_100g": 645, "vitamin_c_mg_per_100g": 1.4, "vitamin_a_ug_per_100g": 3, "vitamin_b12_ug_per_100g": 0, "folate_ug_per_100g": 227, "iodine_ug_per_100g": null, "selenium_ug_per_100g": 53, "vitamin_d_ug_per_100g": 0 },
  { "name": "Hummus", "calories_per_100g": 166, "protein_g_per_100g": 8, "carbs_g_per_100g": 14, "fat_g_per_100g": 10, "fibre_g_per_100g": 6, "iron_mg_per_100g": 1.6, "calcium_mg_per_100g": 38, "magnesium_mg_per_100g": 71, "zinc_mg_per_100g": 1.1, "potassium_mg_per_100g": 228, "vitamin_c_mg_per_100g": 0, "vitamin_a_ug_per_100g": 1, "vitamin_b12_ug_per_100g": 0, "folate_ug_per_100g": 48, "iodine_ug_per_100g": null, "selenium_ug_per_100g": 2.5, "vitamin_d_ug_per_100g": 0 }
]
